resname,resseq,icode,uid
ILE,1502,,ILE_1502
LYS,1503,,LYS_1503
SER,1504,,SER_1504
ALA,1505,,ALA_1505
LEU,1506,,LEU_1506
LEU,1507,,LEU_1507
VAL,1508,,VAL_1508
LEU,1509,,LEU_1509
GLU,1510,,GLU_1510
ASP,1511,,ASP_1511
GLY,1512,,GLY_1512
THR,1513,,THR_1513
GLN,1514,,GLN_1514
PHE,1515,,PHE_1515
HIS,1516,,HIS_1516
GLY,1517,,GLY_1517
ARG,1518,,ARG_1518
ALA,1519,,ALA_1519
ILE,1520,,ILE_1520
GLY,1521,,GLY_1521
ALA,1522,,ALA_1522
THR,1523,,THR_1523
GLY,1524,,GLY_1524
SER,1525,,SER_1525
ALA,1526,,ALA_1526
VAL,1527,,VAL_1527
GLY,1528,,GLY_1528
GLU,1529,,GLU_1529
VAL,1530,,VAL_1530
VAL,1531,,VAL_1531
PHE,1532,,PHE_1532
ASN,1533,,ASN_1533
THR,1534,,THR_1534
SER,1535,,SER_1535
MET,1536,,MET_1536
THR,1537,,THR_1537
GLY,1538,,GLY_1538
TYR,1539,,TYR_1539
GLN,1540,,GLN_1540
GLU,1541,,GLU_1541
ILE,1542,,ILE_1542
LEU,1543,,LEU_1543
THR,1544,,THR_1544
ASP,1545,,ASP_1545
PRO,1546,,PRO_1546
SER,1547,,SER_1547
TYR,1548,,TYR_1548
SER,1549,,SER_1549
ARG,1550,,ARG_1550
GLN,1551,,GLN_1551
ILE,1552,,ILE_1552
VAL,1553,,VAL_1553
THR,1554,,THR_1554
LEU,1555,,LEU_1555
THR,1556,,THR_1556
TYR,1557,,TYR_1557
PRO,1558,,PRO_1558
HIS,1559,,HIS_1559
ILE,1560,,ILE_1560
GLY,1561,,GLY_1561
ASN,1562,,ASN_1562
VAL,1563,,VAL_1563
GLY,1564,,GLY_1564
THR,1565,,THR_1565
ASN,1566,,ASN_1566
ASP,1567,,ASP_1567
ALA,1568,,ALA_1568
ASP,1569,,ASP_1569
GLU,1570,,GLU_1570
GLU,1571,,GLU_1571
SER,1572,,SER_1572
SER,1573,,SER_1573
GLN,1574,,GLN_1574
VAL,1575,,VAL_1575
HIS,1576,,HIS_1576
ALA,1577,,ALA_1577
GLN,1578,,GLN_1578
GLY,1579,,GLY_1579
LEU,1580,,LEU_1580
VAL,1581,,VAL_1581
ILE,1582,,ILE_1582
ARG,1583,,ARG_1583
ASP,1584,,ASP_1584
LEU,1585,,LEU_1585
PRO,1586,,PRO_1586
LEU,1587,,LEU_1587
ILE,1588,,ILE_1588
ALA,1589,,ALA_1589
SER,1590,,SER_1590
ASN,1591,,ASN_1591
PHE,1592,,PHE_1592
ARG,1593,,ARG_1593
ASN,1594,,ASN_1594
THR,1595,,THR_1595
GLU,1596,,GLU_1596
ASP,1597,,ASP_1597
LEU,1598,,LEU_1598
SER,1599,,SER_1599
SER,1600,,SER_1600
TYR,1601,,TYR_1601
LEU,1602,,LEU_1602
LYS,1603,,LYS_1603
ARG,1604,,ARG_1604
HIS,1605,,HIS_1605
ASN,1606,,ASN_1606
ILE,1607,,ILE_1607
VAL,1608,,VAL_1608
ALA,1609,,ALA_1609
ILE,1610,,ILE_1610
ALA,1611,,ALA_1611
ASP,1612,,ASP_1612
ILE,1613,,ILE_1613
ASP,1614,,ASP_1614
THR,1615,,THR_1615
ARG,1616,,ARG_1616
LYS,1617,,LYS_1617
LEU,1618,,LEU_1618
THR,1619,,THR_1619
ARG,1620,,ARG_1620
LEU,1621,,LEU_1621
LEU,1622,,LEU_1622
ARG,1623,,ARG_1623
GLU,1624,,GLU_1624
LYS,1625,,LYS_1625
GLY,1626,,GLY_1626
ALA,1627,,ALA_1627
GLN,1628,,GLN_1628
ASN,1629,,ASN_1629
GLY,1630,,GLY_1630
CYS,1631,,CYS_1631
ILE,1632,,ILE_1632
ILE,1633,,ILE_1633
ALA,1634,,ALA_1634
GLY,1635,,GLY_1635
ASP,1636,,ASP_1636
ASN,1637,,ASN_1637
PRO,1638,,PRO_1638
ASP,1639,,ASP_1639
ALA,1640,,ALA_1640
ALA,1641,,ALA_1641
LEU,1642,,LEU_1642
ALA,1643,,ALA_1643
LEU,1644,,LEU_1644
GLU,1645,,GLU_1645
LYS,1646,,LYS_1646
ALA,1647,,ALA_1647
ARG,1648,,ARG_1648
ALA,1649,,ALA_1649
PHE,1650,,PHE_1650
PRO,1651,,PRO_1651
GLY,1652,,GLY_1652
LEU,1653,,LEU_1653
ASN,1654,,ASN_1654
GLY,1655,,GLY_1655
MET,1656,,MET_1656
ASP,1657,,ASP_1657
LEU,1658,,LEU_1658
ALA,1659,,ALA_1659
LYS,1660,,LYS_1660
GLU,1661,,GLU_1661
VAL,1662,,VAL_1662
THR,1663,,THR_1663
THR,1664,,THR_1664
ALA,1665,,ALA_1665
GLU,1666,,GLU_1666
ALA,1667,,ALA_1667
TYR,1668,,TYR_1668
SER,1669,,SER_1669
TRP,1670,,TRP_1670
THR,1671,,THR_1671
GLN,1672,,GLN_1672
GLY,1673,,GLY_1673
SER,1674,,SER_1674
TRP,1675,,TRP_1675
THR,1676,,THR_1676
LEU,1677,,LEU_1677
THR,1678,,THR_1678
GLY,1679,,GLY_1679
GLY,1680,,GLY_1680
LEU,1681,,LEU_1681
PRO,1682,,PRO_1682
GLN,1683,,GLN_1683
ALA,1684,,ALA_1684
LYS,1685,,LYS_1685
LYS,1686,,LYS_1686
GLU,1687,,GLU_1687
ASP,1688,,ASP_1688
GLU,1689,,GLU_1689
LEU,1690,,LEU_1690
PRO,1691,,PRO_1691
PHE,1692,,PHE_1692
HIS,1693,,HIS_1693
VAL,1694,,VAL_1694
VAL,1695,,VAL_1695
ALA,1696,,ALA_1696
TYR,1697,,TYR_1697
ASP,1698,,ASP_1698
PHE,1699,,PHE_1699
GLY,1700,,GLY_1700
ALA,1701,,ALA_1701
LYS,1702,,LYS_1702
ARG,1703,,ARG_1703
ASN,1704,,ASN_1704
ILE,1705,,ILE_1705
LEU,1706,,LEU_1706
ARG,1707,,ARG_1707
MET,1708,,MET_1708
LEU,1709,,LEU_1709
VAL,1710,,VAL_1710
ASP,1711,,ASP_1711
ARG,1712,,ARG_1712
GLY,1713,,GLY_1713
CYS,1714,,CYS_1714
ARG,1715,,ARG_1715
LEU,1716,,LEU_1716
THR,1717,,THR_1717
ILE,1718,,ILE_1718
VAL,1719,,VAL_1719
PRO,1720,,PRO_1720
ALA,1721,,ALA_1721
GLN,1722,,GLN_1722
THR,1723,,THR_1723
SER,1724,,SER_1724
ALA,1725,,ALA_1725
GLU,1726,,GLU_1726
ASP,1727,,ASP_1727
VAL,1728,,VAL_1728
LEU,1729,,LEU_1729
LYS,1730,,LYS_1730
MET,1731,,MET_1731
ASN,1732,,ASN_1732
PRO,1733,,PRO_1733
ASP,1734,,ASP_1734
GLY,1735,,GLY_1735
ILE,1736,,ILE_1736
PHE,1737,,PHE_1737
LEU,1738,,LEU_1738
SER,1739,,SER_1739
ASN,1740,,ASN_1740
GLY,1741,,GLY_1741
PRO,1742,,PRO_1742
GLY,1743,,GLY_1743
ASP,1744,,ASP_1744
PRO,1745,,PRO_1745
ALA,1746,,ALA_1746
PRO,1747,,PRO_1747
CYS,1748,,CYS_1748
ASP,1749,,ASP_1749
TYR,1750,,TYR_1750
ALA,1751,,ALA_1751
ILE,1752,,ILE_1752
THR,1753,,THR_1753
ALA,1754,,ALA_1754
ILE,1755,,ILE_1755
GLN,1756,,GLN_1756
LYS,1757,,LYS_1757
PHE,1758,,PHE_1758
LEU,1759,,LEU_1759
GLU,1760,,GLU_1760
THR,1761,,THR_1761
ASP,1762,,ASP_1762
ILE,1763,,ILE_1763
PRO,1764,,PRO_1764
VAL,1765,,VAL_1765
PHE,1766,,PHE_1766
GLY,1767,,GLY_1767
ILE,1768,,ILE_1768
LEU,1770,,LEU_1770
GLY,1771,,GLY_1771
HIS,1772,,HIS_1772
GLN,1773,,GLN_1773
LEU,1774,,LEU_1774
LEU,1775,,LEU_1775
ALA,1776,,ALA_1776
LEU,1777,,LEU_1777
ALA,1778,,ALA_1778
SER,1779,,SER_1779
GLY,1780,,GLY_1780
ALA,1781,,ALA_1781
LYS,1782,,LYS_1782
THR,1783,,THR_1783
VAL,1784,,VAL_1784
LYS,1785,,LYS_1785
MET,1786,,MET_1786
LYS,1787,,LYS_1787
PHE,1788,,PHE_1788
GLY,1789,,GLY_1789
HIS,1790,,HIS_1790
HIS,1791,,HIS_1791
GLY,1792,,GLY_1792
GLY,1793,,GLY_1793
ASN,1794,,ASN_1794
HIS,1795,,HIS_1795
PRO,1796,,PRO_1796
VAL,1797,,VAL_1797
LYS,1798,,LYS_1798
ASP,1799,,ASP_1799
VAL,1800,,VAL_1800
GLU,1801,,GLU_1801
LYS,1802,,LYS_1802
ASN,1803,,ASN_1803
VAL,1804,,VAL_1804
VAL,1805,,VAL_1805
MET,1806,,MET_1806
ILE,1807,,ILE_1807
THR,1808,,THR_1808
ALA,1809,,ALA_1809
GLN,1810,,GLN_1810
ASN,1811,,ASN_1811
HIS,1812,,HIS_1812
GLY,1813,,GLY_1813
PHE,1814,,PHE_1814
ALA,1815,,ALA_1815
VAL,1816,,VAL_1816
ASP,1817,,ASP_1817
GLU,1818,,GLU_1818
ALA,1819,,ALA_1819
THR,1820,,THR_1820
LEU,1821,,LEU_1821
PRO,1822,,PRO_1822
ALA,1823,,ALA_1823
ASN,1824,,ASN_1824
LEU,1825,,LEU_1825
ARG,1826,,ARG_1826
VAL,1827,,VAL_1827
THR,1828,,THR_1828
HIS,1829,,HIS_1829
LYS,1830,,LYS_1830
SER,1831,,SER_1831
LEU,1832,,LEU_1832
PHE,1833,,PHE_1833
ASP,1834,,ASP_1834
GLY,1835,,GLY_1835
THR,1836,,THR_1836
LEU,1837,,LEU_1837
GLN,1838,,GLN_1838
GLY,1839,,GLY_1839
ILE,1840,,ILE_1840
HIS,1841,,HIS_1841
ARG,1842,,ARG_1842
THR,1843,,THR_1843
ASP,1844,,ASP_1844
LYS,1845,,LYS_1845
PRO,1846,,PRO_1846
ALA,1847,,ALA_1847
PHE,1848,,PHE_1848
SER,1849,,SER_1849
PHE,1850,,PHE_1850
GLN,1851,,GLN_1851
GLY,1852,,GLY_1852
ASN,1853,,ASN_1853
PRO,1854,,PRO_1854
GLU,1855,,GLU_1855
ALA,1856,,ALA_1856
SER,1857,,SER_1857
PRO,1858,,PRO_1858
GLY,1859,,GLY_1859
PRO,1860,,PRO_1860
HIS,1861,,HIS_1861
ASP,1862,,ASP_1862
ALA,1863,,ALA_1863
ALA,1864,,ALA_1864
PRO,1865,,PRO_1865
LEU,1866,,LEU_1866
PHE,1867,,PHE_1867
ASP,1868,,ASP_1868
HIS,1869,,HIS_1869
PHE,1870,,PHE_1870
ILE,1871,,ILE_1871
GLU,1872,,GLU_1872
LEU,1873,,LEU_1873
ILE,1874,,ILE_1874
GLU,1875,,GLU_1875
GLN,1876,,GLN_1876
TYR,1877,,TYR_1877
ARG,1878,,ARG_1878
LYS,1879,,LYS_1879
THR,1880,,THR_1880
